<emDataViewOptions>
  <version minor="2" major="1"/>
  <Options extrapolationMode="Linear" enforcePassivity="DuringExtrapolation" symbolNetlistMode="All pins" portTerminalPinsNetlistMode="Shorted"/>
  <cellParameters useInterpolation="no">
    <parameters>
      <cellParameter name="W_input" resolution="1e-05" delta="0.293"/>
      <cellParameter name="L_input" resolution="1e-05" delta="2.5"/>
      <cellParameter name="W_patch" resolution="1e-05" delta="3.737"/>
      <cellParameter name="L_patch" resolution="1e-05" delta="2.897"/>
    </parameters>
  </cellParameters>
</emDataViewOptions>
