<emDataViewDatabaseIndex>
  <version minor="1" major="1"/>
  <emDatabase>
    <ParameterNames>
      <parameterName>W_patch</parameterName>
      <parameterName>L_patch</parameterName>
      <parameterName>W_input</parameterName>
      <parameterName>L_input</parameterName>
    </ParameterNames>
    <databaseItems>
      <databaseItem index="0" name="data.000">
        <parameterValues>
          <value>36.56</value>
          <value>28.21</value>
          <value>2.93</value>
          <value>20</value>
        </parameterValues>
        <fileNames>
          <name>data.000.sio</name>
          <name>data.000.sam</name>
          <name>data.000.log.zip</name>
        </fileNames>
        <originalFileNames>
          <name>proj.sio</name>
          <name>proj.sam</name>
          <name>proj.log.zip</name>
        </originalFileNames>
      </databaseItem>
    </databaseItems>
  </emDatabase>
</emDataViewDatabaseIndex>
