<emDataViewDatabaseIndex>
  <version minor="1" major="1"/>
  <emDatabase>
    <ParameterNames>
      <parameterName>W_patch</parameterName>
      <parameterName>L_patch</parameterName>
      <parameterName>W_input</parameterName>
      <parameterName>L_input</parameterName>
    </ParameterNames>
    <databaseItems>
      <databaseItem name="data.000" index="0">
        <parameterValues>
          <value>30</value>
          <value>28.21</value>
          <value>2.93</value>
          <value>20</value>
        </parameterValues>
        <fileNames>
          <name>data.000.sio</name>
          <name>data.000.sam</name>
          <name>data.000.log.zip</name>
        </fileNames>
        <originalFileNames>
          <name>proj.sio</name>
          <name>proj.sam</name>
          <name>proj.log.zip</name>
        </originalFileNames>
      </databaseItem>
      <databaseItem name="data.001" index="1">
        <parameterValues>
          <value>31</value>
          <value>28.21</value>
          <value>2.93</value>
          <value>20</value>
        </parameterValues>
        <fileNames>
          <name>data.001.sio</name>
          <name>data.001.sam</name>
          <name>data.001.log.zip</name>
        </fileNames>
        <originalFileNames>
          <name>proj.sio</name>
          <name>proj.sam</name>
          <name>proj.log.zip</name>
        </originalFileNames>
      </databaseItem>
      <databaseItem name="data.002" index="2">
        <parameterValues>
          <value>32</value>
          <value>28.21</value>
          <value>2.93</value>
          <value>20</value>
        </parameterValues>
        <fileNames>
          <name>data.002.sio</name>
          <name>data.002.sam</name>
          <name>data.002.log.zip</name>
        </fileNames>
        <originalFileNames>
          <name>proj.sio</name>
          <name>proj.sam</name>
          <name>proj.log.zip</name>
        </originalFileNames>
      </databaseItem>
      <databaseItem name="data.003" index="3">
        <parameterValues>
          <value>33</value>
          <value>28.21</value>
          <value>2.93</value>
          <value>20</value>
        </parameterValues>
        <fileNames>
          <name>data.003.sio</name>
          <name>data.003.sam</name>
          <name>data.003.log.zip</name>
        </fileNames>
        <originalFileNames>
          <name>proj.sio</name>
          <name>proj.sam</name>
          <name>proj.log.zip</name>
        </originalFileNames>
      </databaseItem>
      <databaseItem name="data.004" index="4">
        <parameterValues>
          <value>34</value>
          <value>28.21</value>
          <value>2.93</value>
          <value>20</value>
        </parameterValues>
        <fileNames>
          <name>data.004.sio</name>
          <name>data.004.sam</name>
          <name>data.004.log.zip</name>
        </fileNames>
        <originalFileNames>
          <name>proj.sio</name>
          <name>proj.sam</name>
          <name>proj.log.zip</name>
        </originalFileNames>
      </databaseItem>
      <databaseItem name="data.005" index="5">
        <parameterValues>
          <value>35</value>
          <value>28.21</value>
          <value>2.93</value>
          <value>20</value>
        </parameterValues>
        <fileNames>
          <name>data.005.sio</name>
          <name>data.005.sam</name>
          <name>data.005.log.zip</name>
        </fileNames>
        <originalFileNames>
          <name>proj.sio</name>
          <name>proj.sam</name>
          <name>proj.log.zip</name>
        </originalFileNames>
      </databaseItem>
      <databaseItem name="data.006" index="6">
        <parameterValues>
          <value>36</value>
          <value>28.21</value>
          <value>2.93</value>
          <value>20</value>
        </parameterValues>
        <fileNames>
          <name>data.006.sio</name>
          <name>data.006.sam</name>
          <name>data.006.log.zip</name>
        </fileNames>
        <originalFileNames>
          <name>proj.sio</name>
          <name>proj.sam</name>
          <name>proj.log.zip</name>
        </originalFileNames>
      </databaseItem>
      <databaseItem name="data.007" index="7">
        <parameterValues>
          <value>37</value>
          <value>28.21</value>
          <value>2.93</value>
          <value>20</value>
        </parameterValues>
        <fileNames>
          <name>data.007.sio</name>
          <name>data.007.sam</name>
          <name>data.007.log.zip</name>
        </fileNames>
        <originalFileNames>
          <name>proj.sio</name>
          <name>proj.sam</name>
          <name>proj.log.zip</name>
        </originalFileNames>
      </databaseItem>
      <databaseItem name="data.008" index="8">
        <parameterValues>
          <value>38</value>
          <value>28.21</value>
          <value>2.93</value>
          <value>20</value>
        </parameterValues>
        <fileNames>
          <name>data.008.sio</name>
          <name>data.008.sam</name>
          <name>data.008.log.zip</name>
        </fileNames>
        <originalFileNames>
          <name>proj.sio</name>
          <name>proj.sam</name>
          <name>proj.log.zip</name>
        </originalFileNames>
      </databaseItem>
      <databaseItem name="data.009" index="9">
        <parameterValues>
          <value>39</value>
          <value>28.21</value>
          <value>2.93</value>
          <value>20</value>
        </parameterValues>
        <fileNames>
          <name>data.009.sio</name>
          <name>data.009.sam</name>
          <name>data.009.log.zip</name>
        </fileNames>
        <originalFileNames>
          <name>proj.sio</name>
          <name>proj.sam</name>
          <name>proj.log.zip</name>
        </originalFileNames>
      </databaseItem>
      <databaseItem name="data.010" index="10">
        <parameterValues>
          <value>40</value>
          <value>28.21</value>
          <value>2.93</value>
          <value>20</value>
        </parameterValues>
        <fileNames>
          <name>data.010.sio</name>
          <name>data.010.sam</name>
          <name>data.010.log.zip</name>
        </fileNames>
        <originalFileNames>
          <name>proj.sio</name>
          <name>proj.sam</name>
          <name>proj.log.zip</name>
        </originalFileNames>
      </databaseItem>
      <databaseItem name="data.011" index="11">
        <parameterValues>
          <value>41</value>
          <value>28.21</value>
          <value>2.93</value>
          <value>20</value>
        </parameterValues>
        <fileNames>
          <name>data.011.sio</name>
          <name>data.011.sam</name>
          <name>data.011.log.zip</name>
        </fileNames>
        <originalFileNames>
          <name>proj.sio</name>
          <name>proj.sam</name>
          <name>proj.log.zip</name>
        </originalFileNames>
      </databaseItem>
      <databaseItem name="data.012" index="12">
        <parameterValues>
          <value>42</value>
          <value>28.21</value>
          <value>2.93</value>
          <value>20</value>
        </parameterValues>
        <fileNames>
          <name>data.012.sio</name>
          <name>data.012.sam</name>
          <name>data.012.log.zip</name>
        </fileNames>
        <originalFileNames>
          <name>proj.sio</name>
          <name>proj.sam</name>
          <name>proj.log.zip</name>
        </originalFileNames>
      </databaseItem>
      <databaseItem name="data.013" index="13">
        <parameterValues>
          <value>43</value>
          <value>28.21</value>
          <value>2.93</value>
          <value>20</value>
        </parameterValues>
        <fileNames>
          <name>data.013.sio</name>
          <name>data.013.sam</name>
          <name>data.013.log.zip</name>
        </fileNames>
        <originalFileNames>
          <name>proj.sio</name>
          <name>proj.sam</name>
          <name>proj.log.zip</name>
        </originalFileNames>
      </databaseItem>
      <databaseItem name="data.014" index="14">
        <parameterValues>
          <value>44</value>
          <value>28.21</value>
          <value>2.93</value>
          <value>20</value>
        </parameterValues>
        <fileNames>
          <name>data.014.sio</name>
          <name>data.014.sam</name>
          <name>data.014.log.zip</name>
        </fileNames>
        <originalFileNames>
          <name>proj.sio</name>
          <name>proj.sam</name>
          <name>proj.log.zip</name>
        </originalFileNames>
      </databaseItem>
      <databaseItem name="data.015" index="15">
        <parameterValues>
          <value>45</value>
          <value>28.21</value>
          <value>2.93</value>
          <value>20</value>
        </parameterValues>
        <fileNames>
          <name>data.015.sio</name>
          <name>data.015.sam</name>
          <name>data.015.log.zip</name>
        </fileNames>
        <originalFileNames>
          <name>proj.sio</name>
          <name>proj.sam</name>
          <name>proj.log.zip</name>
        </originalFileNames>
      </databaseItem>
      <databaseItem name="data.016" index="16">
        <parameterValues>
          <value>46</value>
          <value>28.21</value>
          <value>2.93</value>
          <value>20</value>
        </parameterValues>
        <fileNames>
          <name>data.016.sio</name>
          <name>data.016.sam</name>
          <name>data.016.log.zip</name>
        </fileNames>
        <originalFileNames>
          <name>proj.sio</name>
          <name>proj.sam</name>
          <name>proj.log.zip</name>
        </originalFileNames>
      </databaseItem>
      <databaseItem name="data.017" index="17">
        <parameterValues>
          <value>47</value>
          <value>28.21</value>
          <value>2.93</value>
          <value>20</value>
        </parameterValues>
        <fileNames>
          <name>data.017.sio</name>
          <name>data.017.sam</name>
          <name>data.017.log.zip</name>
        </fileNames>
        <originalFileNames>
          <name>proj.sio</name>
          <name>proj.sam</name>
          <name>proj.log.zip</name>
        </originalFileNames>
      </databaseItem>
      <databaseItem name="data.018" index="18">
        <parameterValues>
          <value>48</value>
          <value>28.21</value>
          <value>2.93</value>
          <value>20</value>
        </parameterValues>
        <fileNames>
          <name>data.018.sio</name>
          <name>data.018.sam</name>
          <name>data.018.log.zip</name>
        </fileNames>
        <originalFileNames>
          <name>proj.sio</name>
          <name>proj.sam</name>
          <name>proj.log.zip</name>
        </originalFileNames>
      </databaseItem>
      <databaseItem name="data.019" index="19">
        <parameterValues>
          <value>49</value>
          <value>28.21</value>
          <value>2.93</value>
          <value>20</value>
        </parameterValues>
        <fileNames>
          <name>data.019.sio</name>
          <name>data.019.sam</name>
          <name>data.019.log.zip</name>
        </fileNames>
        <originalFileNames>
          <name>proj.sio</name>
          <name>proj.sam</name>
          <name>proj.log.zip</name>
        </originalFileNames>
      </databaseItem>
      <databaseItem name="data.020" index="20">
        <parameterValues>
          <value>50</value>
          <value>28.21</value>
          <value>2.93</value>
          <value>20</value>
        </parameterValues>
        <fileNames>
          <name>data.020.sio</name>
          <name>data.020.sam</name>
          <name>data.020.log.zip</name>
        </fileNames>
        <originalFileNames>
          <name>proj.sio</name>
          <name>proj.sam</name>
          <name>proj.log.zip</name>
        </originalFileNames>
      </databaseItem>
      <databaseItem name="data.021" index="21">
        <parameterValues>
          <value>36.56</value>
          <value>20</value>
          <value>2.93</value>
          <value>20</value>
        </parameterValues>
        <fileNames>
          <name>data.021.sio</name>
          <name>data.021.sam</name>
          <name>data.021.log.zip</name>
        </fileNames>
        <originalFileNames>
          <name>proj.sio</name>
          <name>proj.sam</name>
          <name>proj.log.zip</name>
        </originalFileNames>
      </databaseItem>
      <databaseItem name="data.022" index="22">
        <parameterValues>
          <value>36.56</value>
          <value>21</value>
          <value>2.93</value>
          <value>20</value>
        </parameterValues>
        <fileNames>
          <name>data.022.sio</name>
          <name>data.022.sam</name>
          <name>data.022.log.zip</name>
        </fileNames>
        <originalFileNames>
          <name>proj.sio</name>
          <name>proj.sam</name>
          <name>proj.log.zip</name>
        </originalFileNames>
      </databaseItem>
      <databaseItem name="data.023" index="23">
        <parameterValues>
          <value>36.56</value>
          <value>22</value>
          <value>2.93</value>
          <value>20</value>
        </parameterValues>
        <fileNames>
          <name>data.023.sio</name>
          <name>data.023.sam</name>
          <name>data.023.log.zip</name>
        </fileNames>
        <originalFileNames>
          <name>proj.sio</name>
          <name>proj.sam</name>
          <name>proj.log.zip</name>
        </originalFileNames>
      </databaseItem>
      <databaseItem name="data.024" index="24">
        <parameterValues>
          <value>36.56</value>
          <value>23</value>
          <value>2.93</value>
          <value>20</value>
        </parameterValues>
        <fileNames>
          <name>data.024.sio</name>
          <name>data.024.sam</name>
          <name>data.024.log.zip</name>
        </fileNames>
        <originalFileNames>
          <name>proj.sio</name>
          <name>proj.sam</name>
          <name>proj.log.zip</name>
        </originalFileNames>
      </databaseItem>
      <databaseItem name="data.025" index="25">
        <parameterValues>
          <value>36.56</value>
          <value>24</value>
          <value>2.93</value>
          <value>20</value>
        </parameterValues>
        <fileNames>
          <name>data.025.sio</name>
          <name>data.025.sam</name>
          <name>data.025.log.zip</name>
        </fileNames>
        <originalFileNames>
          <name>proj.sio</name>
          <name>proj.sam</name>
          <name>proj.log.zip</name>
        </originalFileNames>
      </databaseItem>
      <databaseItem name="data.026" index="26">
        <parameterValues>
          <value>36.56</value>
          <value>25</value>
          <value>2.93</value>
          <value>20</value>
        </parameterValues>
        <fileNames>
          <name>data.026.sio</name>
          <name>data.026.sam</name>
          <name>data.026.log.zip</name>
        </fileNames>
        <originalFileNames>
          <name>proj.sio</name>
          <name>proj.sam</name>
          <name>proj.log.zip</name>
        </originalFileNames>
      </databaseItem>
      <databaseItem name="data.027" index="27">
        <parameterValues>
          <value>36.56</value>
          <value>26</value>
          <value>2.93</value>
          <value>20</value>
        </parameterValues>
        <fileNames>
          <name>data.027.sio</name>
          <name>data.027.sam</name>
          <name>data.027.log.zip</name>
        </fileNames>
        <originalFileNames>
          <name>proj.sio</name>
          <name>proj.sam</name>
          <name>proj.log.zip</name>
        </originalFileNames>
      </databaseItem>
      <databaseItem name="data.028" index="28">
        <parameterValues>
          <value>36.56</value>
          <value>27</value>
          <value>2.93</value>
          <value>20</value>
        </parameterValues>
        <fileNames>
          <name>data.028.sio</name>
          <name>data.028.sam</name>
          <name>data.028.log.zip</name>
        </fileNames>
        <originalFileNames>
          <name>proj.sio</name>
          <name>proj.sam</name>
          <name>proj.log.zip</name>
        </originalFileNames>
      </databaseItem>
      <databaseItem name="data.029" index="29">
        <parameterValues>
          <value>36.56</value>
          <value>28</value>
          <value>2.93</value>
          <value>20</value>
        </parameterValues>
        <fileNames>
          <name>data.029.sio</name>
          <name>data.029.sam</name>
          <name>data.029.log.zip</name>
        </fileNames>
        <originalFileNames>
          <name>proj.sio</name>
          <name>proj.sam</name>
          <name>proj.log.zip</name>
        </originalFileNames>
      </databaseItem>
      <databaseItem name="data.030" index="30">
        <parameterValues>
          <value>36.56</value>
          <value>29</value>
          <value>2.93</value>
          <value>20</value>
        </parameterValues>
        <fileNames>
          <name>data.030.sio</name>
          <name>data.030.sam</name>
          <name>data.030.log.zip</name>
        </fileNames>
        <originalFileNames>
          <name>proj.sio</name>
          <name>proj.sam</name>
          <name>proj.log.zip</name>
        </originalFileNames>
      </databaseItem>
      <databaseItem name="data.031" index="31">
        <parameterValues>
          <value>36.56</value>
          <value>30</value>
          <value>2.93</value>
          <value>20</value>
        </parameterValues>
        <fileNames>
          <name>data.031.sio</name>
          <name>data.031.sam</name>
          <name>data.031.log.zip</name>
        </fileNames>
        <originalFileNames>
          <name>proj.sio</name>
          <name>proj.sam</name>
          <name>proj.log.zip</name>
        </originalFileNames>
      </databaseItem>
      <databaseItem name="data.032" index="32">
        <parameterValues>
          <value>36.56</value>
          <value>31</value>
          <value>2.93</value>
          <value>20</value>
        </parameterValues>
        <fileNames>
          <name>data.032.sio</name>
          <name>data.032.sam</name>
          <name>data.032.log.zip</name>
        </fileNames>
        <originalFileNames>
          <name>proj.sio</name>
          <name>proj.sam</name>
          <name>proj.log.zip</name>
        </originalFileNames>
      </databaseItem>
      <databaseItem name="data.033" index="33">
        <parameterValues>
          <value>36.56</value>
          <value>32</value>
          <value>2.93</value>
          <value>20</value>
        </parameterValues>
        <fileNames>
          <name>data.033.sio</name>
          <name>data.033.sam</name>
          <name>data.033.log.zip</name>
        </fileNames>
        <originalFileNames>
          <name>proj.sio</name>
          <name>proj.sam</name>
          <name>proj.log.zip</name>
        </originalFileNames>
      </databaseItem>
      <databaseItem name="data.034" index="34">
        <parameterValues>
          <value>36.56</value>
          <value>33</value>
          <value>2.93</value>
          <value>20</value>
        </parameterValues>
        <fileNames>
          <name>data.034.sio</name>
          <name>data.034.sam</name>
          <name>data.034.log.zip</name>
        </fileNames>
        <originalFileNames>
          <name>proj.sio</name>
          <name>proj.sam</name>
          <name>proj.log.zip</name>
        </originalFileNames>
      </databaseItem>
      <databaseItem name="data.035" index="35">
        <parameterValues>
          <value>36.56</value>
          <value>34</value>
          <value>2.93</value>
          <value>20</value>
        </parameterValues>
        <fileNames>
          <name>data.035.sio</name>
          <name>data.035.sam</name>
          <name>data.035.log.zip</name>
        </fileNames>
        <originalFileNames>
          <name>proj.sio</name>
          <name>proj.sam</name>
          <name>proj.log.zip</name>
        </originalFileNames>
      </databaseItem>
      <databaseItem name="data.036" index="36">
        <parameterValues>
          <value>36.56</value>
          <value>35</value>
          <value>2.93</value>
          <value>20</value>
        </parameterValues>
        <fileNames>
          <name>data.036.sio</name>
          <name>data.036.sam</name>
          <name>data.036.log.zip</name>
        </fileNames>
        <originalFileNames>
          <name>proj.sio</name>
          <name>proj.sam</name>
          <name>proj.log.zip</name>
        </originalFileNames>
      </databaseItem>
      <databaseItem name="data.037" index="37">
        <parameterValues>
          <value>36.56</value>
          <value>36</value>
          <value>2.93</value>
          <value>20</value>
        </parameterValues>
        <fileNames>
          <name>data.037.sio</name>
          <name>data.037.sam</name>
          <name>data.037.log.zip</name>
        </fileNames>
        <originalFileNames>
          <name>proj.sio</name>
          <name>proj.sam</name>
          <name>proj.log.zip</name>
        </originalFileNames>
      </databaseItem>
      <databaseItem name="data.038" index="38">
        <parameterValues>
          <value>36.56</value>
          <value>37</value>
          <value>2.93</value>
          <value>20</value>
        </parameterValues>
        <fileNames>
          <name>data.038.sio</name>
          <name>data.038.sam</name>
          <name>data.038.log.zip</name>
        </fileNames>
        <originalFileNames>
          <name>proj.sio</name>
          <name>proj.sam</name>
          <name>proj.log.zip</name>
        </originalFileNames>
      </databaseItem>
      <databaseItem name="data.039" index="39">
        <parameterValues>
          <value>36.56</value>
          <value>38</value>
          <value>2.93</value>
          <value>20</value>
        </parameterValues>
        <fileNames>
          <name>data.039.sio</name>
          <name>data.039.sam</name>
          <name>data.039.log.zip</name>
        </fileNames>
        <originalFileNames>
          <name>proj.sio</name>
          <name>proj.sam</name>
          <name>proj.log.zip</name>
        </originalFileNames>
      </databaseItem>
      <databaseItem name="data.040" index="40">
        <parameterValues>
          <value>36.56</value>
          <value>39</value>
          <value>2.93</value>
          <value>20</value>
        </parameterValues>
        <fileNames>
          <name>data.040.sio</name>
          <name>data.040.sam</name>
          <name>data.040.log.zip</name>
        </fileNames>
        <originalFileNames>
          <name>proj.sio</name>
          <name>proj.sam</name>
          <name>proj.log.zip</name>
        </originalFileNames>
      </databaseItem>
      <databaseItem name="data.041" index="41">
        <parameterValues>
          <value>36.56</value>
          <value>40</value>
          <value>2.93</value>
          <value>20</value>
        </parameterValues>
        <fileNames>
          <name>data.041.sio</name>
          <name>data.041.sam</name>
          <name>data.041.log.zip</name>
        </fileNames>
        <originalFileNames>
          <name>proj.sio</name>
          <name>proj.sam</name>
          <name>proj.log.zip</name>
        </originalFileNames>
      </databaseItem>
      <databaseItem name="data.042" index="42">
        <parameterValues>
          <value>52</value>
          <value>28.21</value>
          <value>2.93</value>
          <value>20</value>
        </parameterValues>
        <fileNames>
          <name>data.042.sio</name>
          <name>data.042.sam</name>
          <name>data.042.log.zip</name>
        </fileNames>
        <originalFileNames>
          <name>proj.sio</name>
          <name>proj.sam</name>
          <name>proj.log.zip</name>
        </originalFileNames>
      </databaseItem>
      <databaseItem name="data.043" index="43">
        <parameterValues>
          <value>54</value>
          <value>28.21</value>
          <value>2.93</value>
          <value>20</value>
        </parameterValues>
        <fileNames>
          <name>data.043.sio</name>
          <name>data.043.sam</name>
          <name>data.043.log.zip</name>
        </fileNames>
        <originalFileNames>
          <name>proj.sio</name>
          <name>proj.sam</name>
          <name>proj.log.zip</name>
        </originalFileNames>
      </databaseItem>
      <databaseItem name="data.044" index="44">
        <parameterValues>
          <value>56</value>
          <value>28.21</value>
          <value>2.93</value>
          <value>20</value>
        </parameterValues>
        <fileNames>
          <name>data.044.sio</name>
          <name>data.044.sam</name>
          <name>data.044.log.zip</name>
        </fileNames>
        <originalFileNames>
          <name>proj.sio</name>
          <name>proj.sam</name>
          <name>proj.log.zip</name>
        </originalFileNames>
      </databaseItem>
      <databaseItem name="data.045" index="45">
        <parameterValues>
          <value>58</value>
          <value>28.21</value>
          <value>2.93</value>
          <value>20</value>
        </parameterValues>
        <fileNames>
          <name>data.045.sio</name>
          <name>data.045.sam</name>
          <name>data.045.log.zip</name>
        </fileNames>
        <originalFileNames>
          <name>proj.sio</name>
          <name>proj.sam</name>
          <name>proj.log.zip</name>
        </originalFileNames>
      </databaseItem>
      <databaseItem name="data.046" index="46">
        <parameterValues>
          <value>60</value>
          <value>28.21</value>
          <value>2.93</value>
          <value>20</value>
        </parameterValues>
        <fileNames>
          <name>data.046.sio</name>
          <name>data.046.sam</name>
          <name>data.046.log.zip</name>
        </fileNames>
        <originalFileNames>
          <name>proj.sio</name>
          <name>proj.sam</name>
          <name>proj.log.zip</name>
        </originalFileNames>
      </databaseItem>
      <databaseItem name="data.047" index="47">
        <parameterValues>
          <value>62</value>
          <value>28.21</value>
          <value>2.93</value>
          <value>20</value>
        </parameterValues>
        <fileNames>
          <name>data.047.sio</name>
          <name>data.047.sam</name>
          <name>data.047.log.zip</name>
        </fileNames>
        <originalFileNames>
          <name>proj.sio</name>
          <name>proj.sam</name>
          <name>proj.log.zip</name>
        </originalFileNames>
      </databaseItem>
      <databaseItem name="data.048" index="48">
        <parameterValues>
          <value>64</value>
          <value>28.21</value>
          <value>2.93</value>
          <value>20</value>
        </parameterValues>
        <fileNames>
          <name>data.048.sio</name>
          <name>data.048.sam</name>
          <name>data.048.log.zip</name>
        </fileNames>
        <originalFileNames>
          <name>proj.sio</name>
          <name>proj.sam</name>
          <name>proj.log.zip</name>
        </originalFileNames>
      </databaseItem>
      <databaseItem name="data.049" index="49">
        <parameterValues>
          <value>66</value>
          <value>28.21</value>
          <value>2.93</value>
          <value>20</value>
        </parameterValues>
        <fileNames>
          <name>data.049.sio</name>
          <name>data.049.sam</name>
          <name>data.049.log.zip</name>
        </fileNames>
        <originalFileNames>
          <name>proj.sio</name>
          <name>proj.sam</name>
          <name>proj.log.zip</name>
        </originalFileNames>
      </databaseItem>
      <databaseItem name="data.050" index="50">
        <parameterValues>
          <value>68</value>
          <value>28.21</value>
          <value>2.93</value>
          <value>20</value>
        </parameterValues>
        <fileNames>
          <name>data.050.sio</name>
          <name>data.050.sam</name>
          <name>data.050.log.zip</name>
        </fileNames>
        <originalFileNames>
          <name>proj.sio</name>
          <name>proj.sam</name>
          <name>proj.log.zip</name>
        </originalFileNames>
      </databaseItem>
      <databaseItem name="data.051" index="51">
        <parameterValues>
          <value>70</value>
          <value>28.21</value>
          <value>2.93</value>
          <value>20</value>
        </parameterValues>
        <fileNames>
          <name>data.051.sio</name>
          <name>data.051.sam</name>
          <name>data.051.log.zip</name>
        </fileNames>
        <originalFileNames>
          <name>proj.sio</name>
          <name>proj.sam</name>
          <name>proj.log.zip</name>
        </originalFileNames>
      </databaseItem>
      <databaseItem name="data.052" index="52">
        <parameterValues>
          <value>56</value>
          <value>20</value>
          <value>2.93</value>
          <value>20</value>
        </parameterValues>
        <fileNames>
          <name>data.052.sio</name>
          <name>data.052.sam</name>
          <name>data.052.log.zip</name>
        </fileNames>
        <originalFileNames>
          <name>proj.sio</name>
          <name>proj.sam</name>
          <name>proj.log.zip</name>
        </originalFileNames>
      </databaseItem>
      <databaseItem name="data.053" index="53">
        <parameterValues>
          <value>56</value>
          <value>21</value>
          <value>2.93</value>
          <value>20</value>
        </parameterValues>
        <fileNames>
          <name>data.053.sio</name>
          <name>data.053.sam</name>
          <name>data.053.log.zip</name>
        </fileNames>
        <originalFileNames>
          <name>proj.sio</name>
          <name>proj.sam</name>
          <name>proj.log.zip</name>
        </originalFileNames>
      </databaseItem>
      <databaseItem name="data.054" index="54">
        <parameterValues>
          <value>56</value>
          <value>22</value>
          <value>2.93</value>
          <value>20</value>
        </parameterValues>
        <fileNames>
          <name>data.054.sio</name>
          <name>data.054.sam</name>
          <name>data.054.log.zip</name>
        </fileNames>
        <originalFileNames>
          <name>proj.sio</name>
          <name>proj.sam</name>
          <name>proj.log.zip</name>
        </originalFileNames>
      </databaseItem>
      <databaseItem name="data.055" index="55">
        <parameterValues>
          <value>56</value>
          <value>23</value>
          <value>2.93</value>
          <value>20</value>
        </parameterValues>
        <fileNames>
          <name>data.055.sio</name>
          <name>data.055.sam</name>
          <name>data.055.log.zip</name>
        </fileNames>
        <originalFileNames>
          <name>proj.sio</name>
          <name>proj.sam</name>
          <name>proj.log.zip</name>
        </originalFileNames>
      </databaseItem>
      <databaseItem name="data.056" index="56">
        <parameterValues>
          <value>56</value>
          <value>24</value>
          <value>2.93</value>
          <value>20</value>
        </parameterValues>
        <fileNames>
          <name>data.056.sio</name>
          <name>data.056.sam</name>
          <name>data.056.log.zip</name>
        </fileNames>
        <originalFileNames>
          <name>proj.sio</name>
          <name>proj.sam</name>
          <name>proj.log.zip</name>
        </originalFileNames>
      </databaseItem>
      <databaseItem name="data.057" index="57">
        <parameterValues>
          <value>56</value>
          <value>25</value>
          <value>2.93</value>
          <value>20</value>
        </parameterValues>
        <fileNames>
          <name>data.057.sio</name>
          <name>data.057.sam</name>
          <name>data.057.log.zip</name>
        </fileNames>
        <originalFileNames>
          <name>proj.sio</name>
          <name>proj.sam</name>
          <name>proj.log.zip</name>
        </originalFileNames>
      </databaseItem>
      <databaseItem name="data.058" index="58">
        <parameterValues>
          <value>56</value>
          <value>26</value>
          <value>2.93</value>
          <value>20</value>
        </parameterValues>
        <fileNames>
          <name>data.058.sio</name>
          <name>data.058.sam</name>
          <name>data.058.log.zip</name>
        </fileNames>
        <originalFileNames>
          <name>proj.sio</name>
          <name>proj.sam</name>
          <name>proj.log.zip</name>
        </originalFileNames>
      </databaseItem>
      <databaseItem name="data.059" index="59">
        <parameterValues>
          <value>56</value>
          <value>27</value>
          <value>2.93</value>
          <value>20</value>
        </parameterValues>
        <fileNames>
          <name>data.059.sio</name>
          <name>data.059.sam</name>
          <name>data.059.log.zip</name>
        </fileNames>
        <originalFileNames>
          <name>proj.sio</name>
          <name>proj.sam</name>
          <name>proj.log.zip</name>
        </originalFileNames>
      </databaseItem>
      <databaseItem name="data.060" index="60">
        <parameterValues>
          <value>56</value>
          <value>28</value>
          <value>2.93</value>
          <value>20</value>
        </parameterValues>
        <fileNames>
          <name>data.060.sio</name>
          <name>data.060.sam</name>
          <name>data.060.log.zip</name>
        </fileNames>
        <originalFileNames>
          <name>proj.sio</name>
          <name>proj.sam</name>
          <name>proj.log.zip</name>
        </originalFileNames>
      </databaseItem>
      <databaseItem name="data.061" index="61">
        <parameterValues>
          <value>56</value>
          <value>29</value>
          <value>2.93</value>
          <value>20</value>
        </parameterValues>
        <fileNames>
          <name>data.061.sio</name>
          <name>data.061.sam</name>
          <name>data.061.log.zip</name>
        </fileNames>
        <originalFileNames>
          <name>proj.sio</name>
          <name>proj.sam</name>
          <name>proj.log.zip</name>
        </originalFileNames>
      </databaseItem>
      <databaseItem name="data.062" index="62">
        <parameterValues>
          <value>56</value>
          <value>30</value>
          <value>2.93</value>
          <value>20</value>
        </parameterValues>
        <fileNames>
          <name>data.062.sio</name>
          <name>data.062.sam</name>
          <name>data.062.log.zip</name>
        </fileNames>
        <originalFileNames>
          <name>proj.sio</name>
          <name>proj.sam</name>
          <name>proj.log.zip</name>
        </originalFileNames>
      </databaseItem>
      <databaseItem name="data.063" index="63">
        <parameterValues>
          <value>56</value>
          <value>31</value>
          <value>2.93</value>
          <value>20</value>
        </parameterValues>
        <fileNames>
          <name>data.063.sio</name>
          <name>data.063.sam</name>
          <name>data.063.log.zip</name>
        </fileNames>
        <originalFileNames>
          <name>proj.sio</name>
          <name>proj.sam</name>
          <name>proj.log.zip</name>
        </originalFileNames>
      </databaseItem>
      <databaseItem name="data.064" index="64">
        <parameterValues>
          <value>56</value>
          <value>32</value>
          <value>2.93</value>
          <value>20</value>
        </parameterValues>
        <fileNames>
          <name>data.064.sio</name>
          <name>data.064.sam</name>
          <name>data.064.log.zip</name>
        </fileNames>
        <originalFileNames>
          <name>proj.sio</name>
          <name>proj.sam</name>
          <name>proj.log.zip</name>
        </originalFileNames>
      </databaseItem>
      <databaseItem name="data.065" index="65">
        <parameterValues>
          <value>56</value>
          <value>33</value>
          <value>2.93</value>
          <value>20</value>
        </parameterValues>
        <fileNames>
          <name>data.065.sio</name>
          <name>data.065.sam</name>
          <name>data.065.log.zip</name>
        </fileNames>
        <originalFileNames>
          <name>proj.sio</name>
          <name>proj.sam</name>
          <name>proj.log.zip</name>
        </originalFileNames>
      </databaseItem>
      <databaseItem name="data.066" index="66">
        <parameterValues>
          <value>56</value>
          <value>34</value>
          <value>2.93</value>
          <value>20</value>
        </parameterValues>
        <fileNames>
          <name>data.066.sio</name>
          <name>data.066.sam</name>
          <name>data.066.log.zip</name>
        </fileNames>
        <originalFileNames>
          <name>proj.sio</name>
          <name>proj.sam</name>
          <name>proj.log.zip</name>
        </originalFileNames>
      </databaseItem>
      <databaseItem name="data.067" index="67">
        <parameterValues>
          <value>56</value>
          <value>35</value>
          <value>2.93</value>
          <value>20</value>
        </parameterValues>
        <fileNames>
          <name>data.067.sio</name>
          <name>data.067.sam</name>
          <name>data.067.log.zip</name>
        </fileNames>
        <originalFileNames>
          <name>proj.sio</name>
          <name>proj.sam</name>
          <name>proj.log.zip</name>
        </originalFileNames>
      </databaseItem>
      <databaseItem name="data.068" index="68">
        <parameterValues>
          <value>56</value>
          <value>36</value>
          <value>2.93</value>
          <value>20</value>
        </parameterValues>
        <fileNames>
          <name>data.068.sio</name>
          <name>data.068.sam</name>
          <name>data.068.log.zip</name>
        </fileNames>
        <originalFileNames>
          <name>proj.sio</name>
          <name>proj.sam</name>
          <name>proj.log.zip</name>
        </originalFileNames>
      </databaseItem>
      <databaseItem name="data.069" index="69">
        <parameterValues>
          <value>56</value>
          <value>37</value>
          <value>2.93</value>
          <value>20</value>
        </parameterValues>
        <fileNames>
          <name>data.069.sio</name>
          <name>data.069.sam</name>
          <name>data.069.log.zip</name>
        </fileNames>
        <originalFileNames>
          <name>proj.sio</name>
          <name>proj.sam</name>
          <name>proj.log.zip</name>
        </originalFileNames>
      </databaseItem>
      <databaseItem name="data.070" index="70">
        <parameterValues>
          <value>56</value>
          <value>38</value>
          <value>2.93</value>
          <value>20</value>
        </parameterValues>
        <fileNames>
          <name>data.070.sio</name>
          <name>data.070.sam</name>
          <name>data.070.log.zip</name>
        </fileNames>
        <originalFileNames>
          <name>proj.sio</name>
          <name>proj.sam</name>
          <name>proj.log.zip</name>
        </originalFileNames>
      </databaseItem>
      <databaseItem name="data.071" index="71">
        <parameterValues>
          <value>56</value>
          <value>39</value>
          <value>2.93</value>
          <value>20</value>
        </parameterValues>
        <fileNames>
          <name>data.071.sio</name>
          <name>data.071.sam</name>
          <name>data.071.log.zip</name>
        </fileNames>
        <originalFileNames>
          <name>proj.sio</name>
          <name>proj.sam</name>
          <name>proj.log.zip</name>
        </originalFileNames>
      </databaseItem>
      <databaseItem name="data.072" index="72">
        <parameterValues>
          <value>56</value>
          <value>40</value>
          <value>2.93</value>
          <value>20</value>
        </parameterValues>
        <fileNames>
          <name>data.072.sio</name>
          <name>data.072.sam</name>
          <name>data.072.log.zip</name>
        </fileNames>
        <originalFileNames>
          <name>proj.sio</name>
          <name>proj.sam</name>
          <name>proj.log.zip</name>
        </originalFileNames>
      </databaseItem>
      <databaseItem name="data.073" index="73">
        <parameterValues>
          <value>36.56</value>
          <value>28.21</value>
          <value>2.93</value>
          <value>20</value>
        </parameterValues>
        <fileNames>
          <name>data.073.sio</name>
          <name>data.073.sam</name>
          <name>data.073.log.zip</name>
        </fileNames>
        <originalFileNames>
          <name>proj.sio</name>
          <name>proj.sam</name>
          <name>proj.log.zip</name>
        </originalFileNames>
      </databaseItem>
    </databaseItems>
  </emDatabase>
</emDataViewDatabaseIndex>
