<emcosimLinkage version="1">
    <layoutViewMap>
        <layoutView>
            <name>Antenne_Planaire_ADS_lib:Antenne_Planaire_Schema_backup_2:layout</name>
            <netCount>1</netCount>
            <netlistPinsData>
                <originalPinNameList>
                    <originalPinName>P1</originalPinName>
                </originalPinNameList>
                <netlistPinList>
                    <netlistPin>
                        <netIndex>0</netIndex>
                        <originalPinIndexSet>
                            <originalPinIndex>0</originalPinIndex>
                        </originalPinIndexSet>
                    </netlistPin>
                </netlistPinList>
            </netlistPinsData>
            <instMap>
                <inst>
                    <name>TL1</name>
                    <modelDecision>EMCOSIM_MODEL_USE_EM_FOR_SHAPES_REEXAMINE_INSTANCES</modelDecision>
                    <implViewName>ads_tlines:MLIN:layout</implViewName>
                    <netlistPinsData>
                        <originalPinNameList>
                            <originalPinName>P1</originalPinName>
                            <originalPinName>P2</originalPinName>
                        </originalPinNameList>
                    </netlistPinsData>
                </inst>
                <inst>
                    <name>TL2</name>
                    <modelDecision>EMCOSIM_MODEL_USE_EM_FOR_SHAPES_REEXAMINE_INSTANCES</modelDecision>
                    <implViewName>ads_tlines:MLOC:layout</implViewName>
                    <netlistPinsData>
                        <originalPinNameList>
                            <originalPinName>P1</originalPinName>
                        </originalPinNameList>
                    </netlistPinsData>
                </inst>
            </instMap>
        </layoutView>
        <layoutView>
            <name>ads_tlines:MLIN:layout</name>
            <netCount>0</netCount>
            <netlistPinsData>
                <originalPinNameList>
                    <originalPinName>P1</originalPinName>
                    <originalPinName>P2</originalPinName>
                </originalPinNameList>
            </netlistPinsData>
        </layoutView>
        <layoutView>
            <name>ads_tlines:MLOC:layout</name>
            <netCount>0</netCount>
            <netlistPinsData>
                <originalPinNameList>
                    <originalPinName>P1</originalPinName>
                </originalPinNameList>
            </netlistPinsData>
        </layoutView>
    </layoutViewMap>
    <rootLayoutView>Antenne_Planaire_ADS_lib:Antenne_Planaire_Schema_backup_2:layout</rootLayoutView>
    <emModelPinList>
        <emModelPin>
            <netIndex>0</netIndex>
            <occPath/>
            <name>P1</name>
            <combinedName>P1</combinedName>
        </emModelPin>
    </emModelPinList>
    <emModelPortList>
        <emModelPort>
            <plusEmPinIndexes>
                <emPinIndex>0</emPinIndex>
            </plusEmPinIndexes>
            <occPath/>
            <name>P1</name>
            <combinedName>P1</combinedName>
        </emModelPort>
    </emModelPortList>
</emcosimLinkage>
