<emDataViewOptions>
  <version minor="2" major="1"/>
  <Options portTerminalPinsNetlistMode="Shorted" enforcePassivity="DuringExtrapolation" extrapolationMode="Linear" symbolNetlistMode="All pins"/>
  <cellParameters useInterpolation="no">
    <parameters>
      <cellParameter delta="3.656" name="W_patch" resolution="1e-05"/>
      <cellParameter delta="2.821" name="L_patch" resolution="1e-05"/>
      <cellParameter delta="0.293" name="W_input" resolution="1e-05"/>
      <cellParameter delta="2" name="L_input" resolution="1e-05"/>
    </parameters>
  </cellParameters>
</emDataViewOptions>
